{
	"start":	{
		"connected":	[{
				"socket":	7,
				"local_host":	"10.0.0.2",
				"local_port":	46086,
				"remote_host":	"10.0.0.1",
				"remote_port":	5201
			}],
		"version":	"iperf 3.9",
		"system_info":	"Linux sdn-learning-playground 4.15.0-151-generic #157-Ubuntu SMP Fri Jul 9 23:07:57 UTC 2021 x86_64",
		"timestamp":	{
			"time":	"Thu, 12 Aug 2021 09:39:51 GMT",
			"timesecs":	1628761191
		},
		"connecting_to":	{
			"host":	"10.0.0.1",
			"port":	5201
		},
		"cookie":	"2ggwwkktoi72inp6t62jdyr3jtkltpob3gc4",
		"tcp_mss_default":	1448,
		"sock_bufsize":	0,
		"sndbuf_actual":	87380,
		"rcvbuf_actual":	87380,
		"test_start":	{
			"protocol":	"TCP",
			"num_streams":	1,
			"blksize":	131072,
			"omit":	0,
			"duration":	10,
			"bytes":	0,
			"blocks":	0,
			"reverse":	0,
			"tos":	0
		}
	},
	"intervals":	[{
			"streams":	[{
					"socket":	7,
					"start":	0,
					"end":	1.000038,
					"seconds":	1.0000380277633667,
					"bytes":	5668759224,
					"bits_per_second":	45348349295.7039,
					"retransmits":	227,
					"snd_cwnd":	663184,
					"rtt":	48,
					"rttvar":	9,
					"pmtu":	1500,
					"omitted":	false,
					"sender":	true
				}],
			"sum":	{
				"start":	0,
				"end":	1.000038,
				"seconds":	1.0000380277633667,
				"bytes":	5668759224,
				"bits_per_second":	45348349295.7039,
				"retransmits":	227,
				"omitted":	false,
				"sender":	true
			}
		}, {
			"streams":	[{
					"socket":	7,
					"start":	1.000038,
					"end":	2.000144,
					"seconds":	1.0001059770584106,
					"bytes":	5042339840,
					"bits_per_second":	40334444194.251663,
					"retransmits":	0,
					"snd_cwnd":	841288,
					"rtt":	38,
					"rttvar":	9,
					"pmtu":	1500,
					"omitted":	false,
					"sender":	true
				}],
			"sum":	{
				"start":	1.000038,
				"end":	2.000144,
				"seconds":	1.0001059770584106,
				"bytes":	5042339840,
				"bits_per_second":	40334444194.251663,
				"retransmits":	0,
				"omitted":	false,
				"sender":	true
			}
		}, {
			"streams":	[{
					"socket":	7,
					"start":	2.000144,
					"end":	3.000047,
					"seconds":	0.99990302324295044,
					"bytes":	5199626240,
					"bits_per_second":	41601044254.361664,
					"retransmits":	0,
					"snd_cwnd":	841288,
					"rtt":	37,
					"rttvar":	7,
					"pmtu":	1500,
					"omitted":	false,
					"sender":	true
				}],
			"sum":	{
				"start":	2.000144,
				"end":	3.000047,
				"seconds":	0.99990302324295044,
				"bytes":	5199626240,
				"bits_per_second":	41601044254.361664,
				"retransmits":	0,
				"omitted":	false,
				"sender":	true
			}
		}, {
			"streams":	[{
					"socket":	7,
					"start":	3.000047,
					"end":	4.00017,
					"seconds":	1.0001230239868164,
					"bytes":	4882432000,
					"bits_per_second":	39054651341.0883,
					"retransmits":	1,
					"snd_cwnd":	852872,
					"rtt":	47,
					"rttvar":	12,
					"pmtu":	1500,
					"omitted":	false,
					"sender":	true
				}],
			"sum":	{
				"start":	3.000047,
				"end":	4.00017,
				"seconds":	1.0001230239868164,
				"bytes":	4882432000,
				"bits_per_second":	39054651341.0883,
				"retransmits":	1,
				"omitted":	false,
				"sender":	true
			}
		}, {
			"streams":	[{
					"socket":	7,
					"start":	4.00017,
					"end":	5.000151,
					"seconds":	0.99998098611831665,
					"bytes":	5187829760,
					"bits_per_second":	41503427221.254639,
					"retransmits":	1,
					"snd_cwnd":	868800,
					"rtt":	35,
					"rttvar":	8,
					"pmtu":	1500,
					"omitted":	false,
					"sender":	true
				}],
			"sum":	{
				"start":	4.00017,
				"end":	5.000151,
				"seconds":	0.99998098611831665,
				"bytes":	5187829760,
				"bits_per_second":	41503427221.254639,
				"retransmits":	1,
				"omitted":	false,
				"sender":	true
			}
		}, {
			"streams":	[{
					"socket":	7,
					"start":	5.000151,
					"end":	6.000112,
					"seconds":	0.999961018562317,
					"bytes":	5456527360,
					"bits_per_second":	43653920572.584427,
					"retransmits":	169,
					"snd_cwnd":	728344,
					"rtt":	36,
					"rttvar":	8,
					"pmtu":	1500,
					"omitted":	false,
					"sender":	true
				}],
			"sum":	{
				"start":	5.000151,
				"end":	6.000112,
				"seconds":	0.999961018562317,
				"bytes":	5456527360,
				"bits_per_second":	43653920572.584427,
				"retransmits":	169,
				"omitted":	false,
				"sender":	true
			}
		}, {
			"streams":	[{
					"socket":	7,
					"start":	6.000112,
					"end":	7.000132,
					"seconds":	1.0000200271606445,
					"bytes":	5155061760,
					"bits_per_second":	41239668166.5407,
					"retransmits":	0,
					"snd_cwnd":	728344,
					"rtt":	40,
					"rttvar":	9,
					"pmtu":	1500,
					"omitted":	false,
					"sender":	true
				}],
			"sum":	{
				"start":	6.000112,
				"end":	7.000132,
				"seconds":	1.0000200271606445,
				"bytes":	5155061760,
				"bits_per_second":	41239668166.5407,
				"retransmits":	0,
				"omitted":	false,
				"sender":	true
			}
		}, {
			"streams":	[{
					"socket":	7,
					"start":	7.000132,
					"end":	8.000131,
					"seconds":	0.99999898672103882,
					"bytes":	4580966400,
					"bits_per_second":	36647768334.412628,
					"retransmits":	2,
					"snd_cwnd":	712416,
					"rtt":	50,
					"rttvar":	13,
					"pmtu":	1500,
					"omitted":	false,
					"sender":	true
				}],
			"sum":	{
				"start":	7.000132,
				"end":	8.000131,
				"seconds":	0.99999898672103882,
				"bytes":	4580966400,
				"bits_per_second":	36647768334.412628,
				"retransmits":	2,
				"omitted":	false,
				"sender":	true
			}
		}, {
			"streams":	[{
					"socket":	7,
					"start":	8.000131,
					"end":	9.000044,
					"seconds":	0.999912977218628,
					"bytes":	5467013120,
					"bits_per_second":	43739911328.7408,
					"retransmits":	0,
					"snd_cwnd":	715312,
					"rtt":	34,
					"rttvar":	5,
					"pmtu":	1500,
					"omitted":	false,
					"sender":	true
				}],
			"sum":	{
				"start":	8.000131,
				"end":	9.000044,
				"seconds":	0.999912977218628,
				"bytes":	5467013120,
				"bits_per_second":	43739911328.7408,
				"retransmits":	0,
				"omitted":	false,
				"sender":	true
			}
		}, {
			"streams":	[{
					"socket":	7,
					"start":	9.000044,
					"end":	10.00018,
					"seconds":	1.0001360177993774,
					"bytes":	5241569280,
					"bits_per_second":	41926851441.932045,
					"retransmits":	0,
					"snd_cwnd":	787712,
					"rtt":	38,
					"rttvar":	8,
					"pmtu":	1500,
					"omitted":	false,
					"sender":	true
				}],
			"sum":	{
				"start":	9.000044,
				"end":	10.00018,
				"seconds":	1.0001360177993774,
				"bytes":	5241569280,
				"bits_per_second":	41926851441.932045,
				"retransmits":	0,
				"omitted":	false,
				"sender":	true
			}
		}],
	"end":	{
		"streams":	[{
				"sender":	{
					"socket":	7,
					"start":	0,
					"end":	10.00018,
					"seconds":	10.00018,
					"bytes":	51882124984,
					"bits_per_second":	41504952898.047836,
					"retransmits":	400,
					"max_snd_cwnd":	868800,
					"max_rtt":	50,
					"min_rtt":	34,
					"mean_rtt":	40,
					"sender":	true
				},
				"receiver":	{
					"socket":	7,
					"start":	0,
					"end":	10.037557,
					"seconds":	10.00018,
					"bytes":	51862988472,
					"bits_per_second":	41335148360.900963,
					"sender":	true
				}
			}],
		"sum_sent":	{
			"start":	0,
			"end":	10.00018,
			"seconds":	10.00018,
			"bytes":	51882124984,
			"bits_per_second":	41504952898.047836,
			"retransmits":	400,
			"sender":	true
		},
		"sum_received":	{
			"start":	0,
			"end":	10.037557,
			"seconds":	10.037557,
			"bytes":	51862988472,
			"bits_per_second":	41335148360.900963,
			"sender":	true
		},
		"cpu_utilization_percent":	{
			"host_total":	70.244167057529651,
			"host_user":	3.1618032014725315,
			"host_system":	67.0823737659573,
			"remote_total":	5.77156156399288,
			"remote_user":	0.17876190371422104,
			"remote_system":	5.59279850292157
		},
		"sender_tcp_congestion":	"cubic",
		"receiver_tcp_congestion":	"cubic"
	}
}
